DriverID,DriverName,DriverExperienceYears,VehicleType,VehicleNumber,IsActive,RatingAvg
DR00001,Driver_1,12.8,SUV,MH20-4632,Yes,3.02
DR00002,Driver_2,7.7,SUV,MH49-9751,No,4.22
DR00003,Driver_3,3.3,Sedan,MH71-7666,Yes,4.15
DR00004,Driver_4,11.2,Sedan,MH98-4480,Yes,4.03
DR00005,Driver_5,6.6,SUV,MH30-3256,Yes,4.08
DR00006,Driver_6,9.1,Auto,MH79-7214,Yes,4.69
DR00007,Driver_7,2.1,Bike,MH53-3071,Yes,3.63
DR00008,Driver_8,9.7,Sedan,MH15-6050,Yes,4.1
DR00009,Driver_9,5.9,Sedan,MH24-4975,Yes,4.36
DR00010,Driver_10,5.3,Auto,MH92-9854,Yes,3.42
DR00011,Driver_11,14.7,Sedan,MH73-8269,Yes,4.85
DR00012,Driver_12,6.8,SUV,MH84-6451,Yes,4.47
DR00013,Driver_13,10.3,Bike,MH16-5092,Yes,3.11
DR00014,Driver_14,9.6,Bike,MH93-1143,Yes,4.73
DR00015,Driver_15,2.0,Bike,MH51-2923,Yes,4.86
DR00016,Driver_16,11.3,Sedan,MH13-6212,Yes,4.59
DR00017,Driver_17,5.2,Sedan,MH14-6075,Yes,3.85
DR00018,Driver_18,12.1,Bike,MH97-8907,Yes,4.99
DR00019,Driver_19,9.3,Bike,MH66-3529,Yes,3.25
DR00020,Driver_20,5.1,Sedan,MH57-5960,Yes,4.07
DR00021,Driver_21,5.7,Sedan,MH17-3348,Yes,3.34
DR00022,Driver_22,11.1,SUV,MH85-9827,Yes,3.88
DR00023,Driver_23,8.5,Bike,MH31-4945,Yes,4.85
DR00024,Driver_24,10.2,Bike,MH76-3794,Yes,4.59
DR00025,Driver_25,2.8,Auto,MH41-3768,Yes,4.56
DR00026,Driver_26,11.9,Auto,MH14-5680,Yes,3.71
DR00027,Driver_27,5.1,Sedan,MH24-5636,Yes,4.87
DR00028,Driver_28,9.5,Auto,MH53-2601,Yes,3.74
DR00029,Driver_29,2.2,Bike,MH12-3255,Yes,3.08
DR00030,Driver_30,5.2,Sedan,MH67-5314,Yes,4.28
DR00031,Driver_31,9.9,SUV,MH78-8909,Yes,3.73
DR00032,Driver_32,4.5,Sedan,MH57-3074,Yes,3.31
DR00033,Driver_33,13.3,SUV,MH49-4425,Yes,4.87
DR00034,Driver_34,10.1,Sedan,MH63-2555,Yes,4.27
DR00035,Driver_35,13.1,Bike,MH58-7266,Yes,4.88
DR00036,Driver_36,6.2,Sedan,MH65-3078,Yes,4.17
DR00037,Driver_37,1.0,Bike,MH78-1423,Yes,3.13
DR00038,Driver_38,8.9,Sedan,MH62-8064,Yes,3.06
DR00039,Driver_39,5.4,Auto,MH74-4787,Yes,4.8
DR00040,Driver_40,7.0,Auto,MH20-5000,Yes,3.08
DR00041,Driver_41,10.4,Auto,MH13-9584,Yes,4.23
DR00042,Driver_42,10.7,Sedan,MH66-9757,Yes,3.6
DR00043,Driver_43,0.9,SUV,MH63-3224,Yes,4.38
DR00044,Driver_44,11.7,Auto,MH99-8309,Yes,3.57
DR00045,Driver_45,7.7,SUV,MH98-3126,Yes,3.07
DR00046,Driver_46,8.6,Auto,MH30-2024,Yes,4.46
DR00047,Driver_47,4.8,Sedan,MH34-1508,Yes,3.62
DR00048,Driver_48,6.6,Auto,MH19-8738,Yes,4.1
DR00049,Driver_49,10.8,SUV,MH32-4516,Yes,4.55
DR00050,Driver_50,11.8,SUV,MH70-4863,Yes,4.41
DR00051,Driver_51,6.1,Sedan,MH88-5496,Yes,3.7
DR00052,Driver_52,10.5,Auto,MH39-5744,Yes,4.5
DR00053,Driver_53,4.2,Sedan,MH90-3730,Yes,4.85
DR00054,Driver_54,12.6,Bike,MH23-3705,Yes,4.22
DR00055,Driver_55,9.3,SUV,MH17-7984,Yes,4.41
DR00056,Driver_56,11.7,Bike,MH30-6221,Yes,4.73
DR00057,Driver_57,7.4,Bike,MH54-3874,Yes,4.69
DR00058,Driver_58,3.8,Auto,MH74-1335,Yes,3.7
DR00059,Driver_59,6.7,SUV,MH23-9996,Yes,4.98
DR00060,Driver_60,6.0,Sedan,MH33-3087,Yes,3.06
DR00061,Driver_61,5.3,Auto,MH68-2332,Yes,4.97
DR00062,Driver_62,3.6,SUV,MH99-2011,Yes,3.49
DR00063,Driver_63,11.5,Bike,MH84-1381,No,3.88
DR00064,Driver_64,1.8,Bike,MH50-6531,Yes,4.77
DR00065,Driver_65,13.4,Bike,MH99-5373,Yes,3.49
DR00066,Driver_66,3.0,SUV,MH46-2999,Yes,3.45
DR00067,Driver_67,14.7,Bike,MH44-2803,No,4.29
DR00068,Driver_68,14.8,Bike,MH34-8770,Yes,4.41
DR00069,Driver_69,6.3,SUV,MH82-9486,Yes,3.01
DR00070,Driver_70,14.8,Bike,MH38-8498,Yes,3.9
DR00071,Driver_71,13.1,SUV,MH49-3189,Yes,3.98
DR00072,Driver_72,1.7,Bike,MH68-2793,Yes,3.54
DR00073,Driver_73,14.2,Sedan,MH52-4625,Yes,4.09
DR00074,Driver_74,1.1,Bike,MH38-6233,Yes,3.31
DR00075,Driver_75,3.1,Sedan,MH41-1997,Yes,3.65
DR00076,Driver_76,9.0,Auto,MH37-4532,Yes,4.43
DR00077,Driver_77,1.7,SUV,MH43-7958,Yes,4.75
DR00078,Driver_78,2.8,Sedan,MH65-1275,Yes,4.18
DR00079,Driver_79,14.3,Sedan,MH79-8982,No,3.15
DR00080,Driver_80,14.9,Sedan,MH57-7552,Yes,4.36
DR00081,Driver_81,12.1,Bike,MH59-3928,Yes,4.8
DR00082,Driver_82,8.0,SUV,MH52-6754,Yes,4.01
DR00083,Driver_83,13.6,Auto,MH65-2075,Yes,3.99
DR00084,Driver_84,2.1,Auto,MH75-1228,No,4.98
DR00085,Driver_85,14.2,Bike,MH27-2691,Yes,4.27
DR00086,Driver_86,5.6,SUV,MH51-4795,Yes,4.61
DR00087,Driver_87,13.0,Sedan,MH87-2002,Yes,4.29
DR00088,Driver_88,10.2,Bike,MH44-6170,Yes,3.44
DR00089,Driver_89,14.4,SUV,MH86-3530,Yes,3.57
DR00090,Driver_90,13.0,Auto,MH71-9263,Yes,4.33
DR00091,Driver_91,13.4,Bike,MH88-5061,Yes,3.91
DR00092,Driver_92,9.7,Auto,MH96-9857,No,3.81
DR00093,Driver_93,12.6,SUV,MH36-2994,Yes,3.04
DR00094,Driver_94,11.5,Sedan,MH61-1151,Yes,4.77
DR00095,Driver_95,2.8,Auto,MH31-5710,Yes,4.77
DR00096,Driver_96,9.9,Bike,MH43-9677,Yes,3.92
DR00097,Driver_97,2.6,Bike,MH72-5499,Yes,4.4
DR00098,Driver_98,13.1,Bike,MH21-2250,Yes,3.36
DR00099,Driver_99,1.5,Sedan,MH18-7684,Yes,4.01
DR00100,Driver_100,14.8,Bike,MH72-7468,Yes,3.88
DR00101,Driver_101,6.3,Sedan,MH55-3755,Yes,4.31
DR00102,Driver_102,3.0,Bike,MH49-4314,Yes,3.94
DR00103,Driver_103,14.1,SUV,MH99-4029,Yes,4.0
DR00104,Driver_104,1.2,Auto,MH58-6274,Yes,3.59
DR00105,Driver_105,7.3,Bike,MH44-4450,Yes,3.1
DR00106,Driver_106,11.7,Bike,MH47-7834,Yes,4.83
DR00107,Driver_107,5.1,Bike,MH66-6026,Yes,3.02
DR00108,Driver_108,8.2,Bike,MH13-2336,Yes,3.56
DR00109,Driver_109,10.7,Sedan,MH37-5500,Yes,3.9
DR00110,Driver_110,14.3,Sedan,MH32-9142,Yes,3.64
DR00111,Driver_111,2.0,Auto,MH32-3923,Yes,4.1
DR00112,Driver_112,2.8,Sedan,MH23-4035,Yes,3.92
DR00113,Driver_113,7.9,SUV,MH31-7872,Yes,3.51
DR00114,Driver_114,6.6,Bike,MH18-2616,Yes,3.18
DR00115,Driver_115,6.5,Bike,MH26-5059,Yes,3.28
DR00116,Driver_116,4.8,Auto,MH74-5428,Yes,3.97
DR00117,Driver_117,8.6,Bike,MH96-8460,Yes,4.69
DR00118,Driver_118,13.3,Auto,MH63-1465,Yes,3.2
DR00119,Driver_119,2.8,Auto,MH20-4633,Yes,4.35
DR00120,Driver_120,3.6,Auto,MH95-8970,Yes,4.58
DR00121,Driver_121,10.2,Sedan,MH42-8372,Yes,3.55
DR00122,Driver_122,1.3,Auto,MH84-5040,Yes,4.34
DR00123,Driver_123,10.3,Sedan,MH32-5340,Yes,4.37
DR00124,Driver_124,5.1,Bike,MH36-6368,Yes,4.42
DR00125,Driver_125,5.7,Auto,MH32-4773,Yes,4.78
DR00126,Driver_126,6.4,Bike,MH94-5514,Yes,3.8
DR00127,Driver_127,5.6,SUV,MH79-7522,Yes,3.49
DR00128,Driver_128,12.7,Sedan,MH33-8650,Yes,4.09
DR00129,Driver_129,14.2,Bike,MH72-4133,Yes,3.13
DR00130,Driver_130,8.4,Bike,MH45-8357,Yes,3.67
DR00131,Driver_131,8.9,Auto,MH47-3706,Yes,4.77
DR00132,Driver_132,1.5,Auto,MH76-6951,Yes,4.06
DR00133,Driver_133,10.8,Sedan,MH10-7808,Yes,3.87
DR00134,Driver_134,9.0,Auto,MH36-8024,Yes,3.53
DR00135,Driver_135,1.2,SUV,MH11-7254,Yes,3.5
DR00136,Driver_136,3.4,Sedan,MH77-4907,Yes,3.47
DR00137,Driver_137,3.4,Auto,MH81-3723,Yes,4.66
DR00138,Driver_138,3.0,Bike,MH16-6416,Yes,4.97
DR00139,Driver_139,10.1,Bike,MH37-3981,Yes,4.07
DR00140,Driver_140,14.0,Sedan,MH28-8141,Yes,3.16
DR00141,Driver_141,11.6,Auto,MH55-8373,Yes,4.5
DR00142,Driver_142,7.4,SUV,MH72-7615,Yes,4.75
DR00143,Driver_143,6.4,Auto,MH11-8734,Yes,4.86
DR00144,Driver_144,6.1,Bike,MH82-8084,Yes,4.26
DR00145,Driver_145,9.2,SUV,MH43-9710,No,4.01
DR00146,Driver_146,5.7,Auto,MH66-4244,Yes,4.24
DR00147,Driver_147,3.8,SUV,MH35-5957,Yes,3.03
DR00148,Driver_148,9.2,Sedan,MH86-3713,Yes,4.31
DR00149,Driver_149,6.2,Auto,MH86-2576,Yes,4.42
DR00150,Driver_150,0.7,Sedan,MH38-9347,Yes,4.44
DR00151,Driver_151,0.8,Bike,MH88-5868,Yes,4.13
DR00152,Driver_152,4.5,Auto,MH19-5378,Yes,4.4
DR00153,Driver_153,7.9,Sedan,MH29-9632,Yes,4.28
DR00154,Driver_154,5.6,Bike,MH73-1485,Yes,3.23
DR00155,Driver_155,0.8,Sedan,MH30-7981,Yes,4.8
DR00156,Driver_156,3.7,Sedan,MH74-7571,Yes,4.25
DR00157,Driver_157,1.9,Sedan,MH93-6609,Yes,4.46
DR00158,Driver_158,14.3,Sedan,MH56-9043,Yes,3.69
DR00159,Driver_159,5.0,Sedan,MH15-2571,Yes,4.84
DR00160,Driver_160,0.7,Bike,MH71-5746,Yes,4.01
DR00161,Driver_161,10.1,Auto,MH99-2041,Yes,4.36
DR00162,Driver_162,3.9,Sedan,MH91-7222,Yes,4.9
DR00163,Driver_163,8.7,SUV,MH18-5744,Yes,4.83
DR00164,Driver_164,2.7,Bike,MH91-1896,Yes,4.29
DR00165,Driver_165,14.8,SUV,MH42-6920,Yes,3.33
DR00166,Driver_166,14.6,SUV,MH15-5069,Yes,4.9
DR00167,Driver_167,10.0,Bike,MH76-8436,Yes,4.97
DR00168,Driver_168,10.8,Bike,MH30-5835,Yes,3.21
DR00169,Driver_169,6.7,Sedan,MH68-6755,Yes,3.9
DR00170,Driver_170,14.5,SUV,MH47-9651,Yes,4.1
DR00171,Driver_171,6.6,Auto,MH76-3817,Yes,3.18
DR00172,Driver_172,4.0,Bike,MH99-1457,Yes,3.38
DR00173,Driver_173,2.2,Sedan,MH59-2846,No,4.08
DR00174,Driver_174,3.5,Sedan,MH29-7088,Yes,4.93
DR00175,Driver_175,8.8,Sedan,MH38-3441,Yes,3.06
DR00176,Driver_176,4.1,SUV,MH47-1894,Yes,4.82
DR00177,Driver_177,10.0,SUV,MH67-6111,Yes,4.8
DR00178,Driver_178,6.0,Bike,MH36-7442,Yes,4.71
DR00179,Driver_179,13.4,Sedan,MH20-6333,Yes,3.76
DR00180,Driver_180,8.6,Bike,MH74-5741,Yes,3.98
DR00181,Driver_181,9.5,Sedan,MH56-7952,Yes,3.81
DR00182,Driver_182,8.6,Bike,MH49-7960,Yes,4.9
DR00183,Driver_183,13.3,Sedan,MH37-8699,Yes,4.04
DR00184,Driver_184,1.4,Auto,MH20-8959,Yes,3.16
DR00185,Driver_185,1.5,SUV,MH28-7298,Yes,3.55
DR00186,Driver_186,10.7,SUV,MH66-9721,Yes,3.92
DR00187,Driver_187,11.6,Sedan,MH77-9118,Yes,4.91
DR00188,Driver_188,6.8,Bike,MH14-7693,Yes,4.14
DR00189,Driver_189,5.6,Bike,MH68-1951,Yes,4.39
DR00190,Driver_190,4.5,SUV,MH72-1058,Yes,3.18
DR00191,Driver_191,3.9,Auto,MH39-4807,Yes,4.75
DR00192,Driver_192,13.7,Sedan,MH16-8022,Yes,4.08
DR00193,Driver_193,4.8,Sedan,MH64-3556,Yes,4.84
DR00194,Driver_194,9.9,Sedan,MH68-5262,Yes,3.89
DR00195,Driver_195,11.9,Auto,MH90-9104,Yes,4.37
DR00196,Driver_196,0.8,Sedan,MH63-9533,No,3.94
DR00197,Driver_197,1.0,Auto,MH54-8825,Yes,3.29
DR00198,Driver_198,5.3,Bike,MH47-2369,Yes,3.54
DR00199,Driver_199,10.6,Auto,MH92-2915,Yes,3.13
DR00200,Driver_200,4.3,Bike,MH12-3614,Yes,3.88
DR00201,Driver_201,0.5,Auto,MH13-7288,Yes,4.3
DR00202,Driver_202,4.7,Bike,MH20-4337,Yes,3.49
DR00203,Driver_203,1.8,SUV,MH77-4902,No,3.98
DR00204,Driver_204,3.7,Sedan,MH36-5016,Yes,3.92
DR00205,Driver_205,5.3,Auto,MH83-6315,Yes,4.07
DR00206,Driver_206,2.4,Auto,MH66-9589,Yes,3.37
DR00207,Driver_207,10.7,SUV,MH32-7125,Yes,4.07
DR00208,Driver_208,4.2,Bike,MH14-4359,Yes,3.73
DR00209,Driver_209,10.1,Auto,MH17-4104,Yes,3.57
DR00210,Driver_210,9.2,Bike,MH90-4801,No,4.17
DR00211,Driver_211,13.5,SUV,MH67-3648,Yes,3.3
DR00212,Driver_212,1.8,Bike,MH57-8997,Yes,4.8
DR00213,Driver_213,3.6,Sedan,MH81-5832,Yes,4.87
DR00214,Driver_214,13.0,Sedan,MH13-1273,Yes,4.32
DR00215,Driver_215,12.4,Sedan,MH28-7409,Yes,3.61
DR00216,Driver_216,3.3,Sedan,MH38-9967,Yes,4.25
DR00217,Driver_217,2.1,Auto,MH91-1250,Yes,4.2
DR00218,Driver_218,12.9,Bike,MH10-2989,Yes,3.78
DR00219,Driver_219,3.1,Bike,MH96-2406,Yes,3.57
DR00220,Driver_220,13.1,Sedan,MH40-8903,Yes,3.34
DR00221,Driver_221,14.4,SUV,MH17-1659,Yes,3.43
DR00222,Driver_222,3.7,SUV,MH72-9498,Yes,4.31
DR00223,Driver_223,12.7,Sedan,MH19-1359,Yes,4.77
DR00224,Driver_224,6.6,Sedan,MH90-1913,Yes,3.77
DR00225,Driver_225,11.9,Sedan,MH24-5828,Yes,3.24
DR00226,Driver_226,6.4,Sedan,MH29-5503,Yes,3.03
DR00227,Driver_227,1.5,Bike,MH41-2518,Yes,3.81
DR00228,Driver_228,10.8,Bike,MH63-4643,Yes,3.47
DR00229,Driver_229,2.7,SUV,MH43-1802,Yes,3.65
DR00230,Driver_230,13.9,SUV,MH81-2909,Yes,3.48
DR00231,Driver_231,6.6,SUV,MH89-8869,Yes,4.33
DR00232,Driver_232,1.7,Bike,MH43-6305,Yes,4.28
DR00233,Driver_233,3.8,SUV,MH89-2960,Yes,4.82
DR00234,Driver_234,13.0,Bike,MH74-6941,Yes,4.4
DR00235,Driver_235,5.2,SUV,MH69-5578,Yes,3.33
DR00236,Driver_236,12.9,SUV,MH91-6019,Yes,4.5
DR00237,Driver_237,3.0,SUV,MH77-3062,No,3.36
DR00238,Driver_238,7.3,SUV,MH21-5125,Yes,4.12
DR00239,Driver_239,13.2,Auto,MH71-5415,Yes,3.15
DR00240,Driver_240,1.2,Auto,MH74-5273,Yes,3.09
DR00241,Driver_241,4.9,Bike,MH20-3137,Yes,3.93
DR00242,Driver_242,13.7,SUV,MH35-9426,Yes,3.21
DR00243,Driver_243,9.1,SUV,MH12-5509,Yes,3.61
DR00244,Driver_244,10.9,Sedan,MH33-8341,Yes,3.68
DR00245,Driver_245,12.7,Sedan,MH31-1817,No,4.54
DR00246,Driver_246,8.1,SUV,MH50-1185,Yes,3.67
DR00247,Driver_247,12.8,Bike,MH96-2255,Yes,3.99
DR00248,Driver_248,9.8,SUV,MH91-5539,No,4.55
DR00249,Driver_249,10.4,Sedan,MH27-3219,Yes,3.41
DR00250,Driver_250,2.7,Auto,MH38-7945,Yes,4.61
DR00251,Driver_251,14.1,SUV,MH23-7171,Yes,4.66
DR00252,Driver_252,12.0,Sedan,MH37-7967,Yes,4.98
DR00253,Driver_253,4.2,Auto,MH45-5032,Yes,3.89
DR00254,Driver_254,8.9,Auto,MH51-2883,Yes,3.74
DR00255,Driver_255,6.0,SUV,MH57-5020,Yes,4.4
DR00256,Driver_256,10.1,Auto,MH63-3838,Yes,3.12
DR00257,Driver_257,14.9,Sedan,MH33-2231,Yes,3.08
DR00258,Driver_258,1.2,Sedan,MH22-6210,Yes,3.67
DR00259,Driver_259,14.3,Bike,MH30-1648,Yes,4.46
DR00260,Driver_260,1.5,SUV,MH99-9281,Yes,3.23
DR00261,Driver_261,7.2,SUV,MH92-3909,Yes,4.27
DR00262,Driver_262,7.5,SUV,MH68-5853,Yes,3.54
DR00263,Driver_263,4.4,Auto,MH75-2350,Yes,4.3
DR00264,Driver_264,8.7,SUV,MH17-5574,Yes,3.91
DR00265,Driver_265,12.6,Bike,MH47-4592,Yes,3.23
DR00266,Driver_266,4.8,Bike,MH11-5851,Yes,3.49
DR00267,Driver_267,1.5,Bike,MH70-9426,Yes,3.44
DR00268,Driver_268,9.7,Bike,MH47-7064,Yes,3.33
DR00269,Driver_269,11.4,SUV,MH19-9303,Yes,3.94
DR00270,Driver_270,14.3,Bike,MH43-5579,Yes,4.91
DR00271,Driver_271,2.8,Auto,MH27-6427,Yes,4.32
DR00272,Driver_272,13.6,Sedan,MH75-5411,Yes,4.67
DR00273,Driver_273,7.5,Bike,MH28-8681,Yes,4.96
DR00274,Driver_274,3.9,SUV,MH50-9368,Yes,4.08
DR00275,Driver_275,14.5,SUV,MH24-5300,Yes,3.48
DR00276,Driver_276,4.0,Bike,MH86-2813,Yes,4.86
DR00277,Driver_277,11.1,SUV,MH23-8848,Yes,4.4
DR00278,Driver_278,11.9,Auto,MH19-6206,Yes,4.92
DR00279,Driver_279,6.7,SUV,MH84-4720,Yes,4.3
DR00280,Driver_280,10.5,Sedan,MH77-9480,Yes,4.55
DR00281,Driver_281,8.8,SUV,MH74-7520,Yes,4.78
DR00282,Driver_282,3.3,Sedan,MH45-7681,Yes,4.52
DR00283,Driver_283,11.5,Sedan,MH60-4876,Yes,4.13
DR00284,Driver_284,14.0,Auto,MH64-7256,Yes,3.94
DR00285,Driver_285,7.6,Bike,MH32-4389,Yes,4.65
DR00286,Driver_286,14.9,Sedan,MH80-6684,Yes,4.54
DR00287,Driver_287,6.7,Sedan,MH40-5910,Yes,3.73
DR00288,Driver_288,7.5,Auto,MH15-3475,Yes,4.0
DR00289,Driver_289,10.3,SUV,MH20-8951,Yes,4.27
DR00290,Driver_290,3.2,Sedan,MH93-4940,Yes,3.06
DR00291,Driver_291,13.6,Bike,MH71-7956,Yes,3.5
DR00292,Driver_292,12.1,Sedan,MH37-6377,Yes,3.5
DR00293,Driver_293,13.2,Bike,MH11-3119,No,4.77
DR00294,Driver_294,9.3,Sedan,MH41-8303,Yes,3.66
DR00295,Driver_295,13.3,Auto,MH19-9125,Yes,4.09
DR00296,Driver_296,10.4,Sedan,MH90-3696,Yes,4.66
DR00297,Driver_297,7.9,SUV,MH21-8292,Yes,3.52
DR00298,Driver_298,14.0,Auto,MH46-6710,Yes,3.25
DR00299,Driver_299,6.9,Bike,MH36-4410,Yes,4.9
DR00300,Driver_300,7.8,Bike,MH22-5495,Yes,4.41
DR00301,Driver_301,3.0,Auto,MH55-4972,Yes,3.35
DR00302,Driver_302,14.2,Sedan,MH33-2451,Yes,4.64
DR00303,Driver_303,3.7,Sedan,MH55-9801,Yes,4.57
DR00304,Driver_304,3.4,Auto,MH15-9825,Yes,4.68
DR00305,Driver_305,2.0,SUV,MH21-5814,Yes,3.55
DR00306,Driver_306,7.1,Bike,MH79-4397,Yes,3.9
DR00307,Driver_307,4.5,SUV,MH32-1860,Yes,4.39
DR00308,Driver_308,11.2,Sedan,MH28-7231,Yes,3.78
DR00309,Driver_309,5.0,Sedan,MH88-8684,Yes,3.14
DR00310,Driver_310,11.0,Auto,MH74-6080,Yes,3.27
DR00311,Driver_311,3.3,Auto,MH32-7764,Yes,4.19
DR00312,Driver_312,3.8,SUV,MH12-1596,Yes,3.75
DR00313,Driver_313,12.2,SUV,MH60-3578,Yes,3.01
DR00314,Driver_314,5.9,Bike,MH10-2534,Yes,4.53
DR00315,Driver_315,2.1,Auto,MH39-4214,Yes,3.83
DR00316,Driver_316,14.4,Bike,MH98-6864,Yes,3.63
DR00317,Driver_317,3.1,SUV,MH66-8309,Yes,4.43
DR00318,Driver_318,2.7,Sedan,MH51-1982,Yes,3.91
DR00319,Driver_319,5.7,Bike,MH97-2495,Yes,4.39
DR00320,Driver_320,1.9,Bike,MH60-5724,Yes,3.03
DR00321,Driver_321,2.8,Bike,MH83-5032,Yes,3.02
DR00322,Driver_322,12.8,Bike,MH62-4921,Yes,4.12
DR00323,Driver_323,3.0,SUV,MH83-3888,Yes,4.96
DR00324,Driver_324,2.1,Bike,MH60-9946,Yes,3.54
DR00325,Driver_325,13.3,Bike,MH52-3777,Yes,4.37
DR00326,Driver_326,6.9,Sedan,MH35-5968,Yes,3.34
DR00327,Driver_327,2.8,Bike,MH41-1917,Yes,3.62
DR00328,Driver_328,8.9,Bike,MH11-9916,Yes,3.16
DR00329,Driver_329,1.1,Auto,MH68-5000,Yes,4.76
DR00330,Driver_330,6.7,SUV,MH19-3175,Yes,3.62
DR00331,Driver_331,9.1,Sedan,MH75-1746,Yes,3.46
DR00332,Driver_332,14.4,Auto,MH69-3405,Yes,4.46
DR00333,Driver_333,5.2,Auto,MH71-2424,Yes,3.4
DR00334,Driver_334,11.6,Bike,MH65-9862,Yes,3.48
DR00335,Driver_335,2.4,Auto,MH41-6812,Yes,3.21
DR00336,Driver_336,6.8,Auto,MH16-3467,Yes,4.93
DR00337,Driver_337,3.7,Auto,MH89-8663,No,3.5
DR00338,Driver_338,7.6,Sedan,MH18-8030,Yes,4.99
DR00339,Driver_339,6.5,Sedan,MH73-2426,Yes,3.35
DR00340,Driver_340,14.7,SUV,MH46-5194,Yes,3.04
DR00341,Driver_341,13.8,Bike,MH49-6344,Yes,4.79
DR00342,Driver_342,8.9,SUV,MH93-6899,Yes,4.16
DR00343,Driver_343,3.1,Sedan,MH12-7039,Yes,3.7
DR00344,Driver_344,8.6,Bike,MH61-2986,Yes,4.03
DR00345,Driver_345,12.0,Sedan,MH70-1249,No,3.52
DR00346,Driver_346,1.1,Bike,MH56-7870,Yes,4.27
DR00347,Driver_347,6.8,Sedan,MH42-1017,Yes,4.23
DR00348,Driver_348,1.1,Sedan,MH61-9250,Yes,3.16
DR00349,Driver_349,4.0,Sedan,MH93-3701,Yes,4.82
DR00350,Driver_350,1.8,SUV,MH74-7159,Yes,3.92
DR00351,Driver_351,14.4,Auto,MH68-1548,Yes,3.39
DR00352,Driver_352,2.9,SUV,MH17-7266,Yes,3.61
DR00353,Driver_353,2.7,Sedan,MH28-7874,No,4.73
DR00354,Driver_354,14.6,Sedan,MH98-4214,Yes,3.77
DR00355,Driver_355,8.0,Auto,MH56-7333,Yes,4.12
DR00356,Driver_356,11.5,Auto,MH16-2573,Yes,4.9
DR00357,Driver_357,5.2,Bike,MH41-1240,Yes,4.3
DR00358,Driver_358,8.2,Auto,MH82-8109,Yes,4.35
DR00359,Driver_359,0.6,Auto,MH48-7595,Yes,3.5
DR00360,Driver_360,6.4,SUV,MH67-9399,Yes,4.34
DR00361,Driver_361,8.5,Bike,MH70-5799,Yes,3.79
DR00362,Driver_362,8.0,Auto,MH29-3306,Yes,4.82
DR00363,Driver_363,6.4,Sedan,MH46-3763,Yes,3.26
DR00364,Driver_364,11.9,Bike,MH44-3937,Yes,3.57
DR00365,Driver_365,7.8,Bike,MH54-4638,Yes,3.13
DR00366,Driver_366,9.7,SUV,MH42-9342,Yes,3.76
DR00367,Driver_367,3.2,Sedan,MH60-7921,Yes,3.3
DR00368,Driver_368,13.0,SUV,MH84-8339,Yes,4.69
DR00369,Driver_369,5.8,Sedan,MH80-2365,Yes,4.85
DR00370,Driver_370,7.5,Auto,MH23-8926,Yes,4.34
DR00371,Driver_371,5.6,Bike,MH55-1895,Yes,3.21
DR00372,Driver_372,13.4,SUV,MH79-2894,Yes,3.68
DR00373,Driver_373,13.6,Auto,MH90-7540,Yes,4.93
DR00374,Driver_374,3.8,Sedan,MH70-8520,Yes,3.27
DR00375,Driver_375,11.4,Auto,MH86-6801,Yes,4.11
DR00376,Driver_376,2.0,Auto,MH22-4123,Yes,3.71
DR00377,Driver_377,0.9,Auto,MH34-3897,Yes,5.0
DR00378,Driver_378,12.6,Sedan,MH43-6343,No,3.57
DR00379,Driver_379,2.4,Auto,MH37-6346,Yes,3.1
DR00380,Driver_380,2.7,Bike,MH35-4550,Yes,4.4
DR00381,Driver_381,9.3,Auto,MH99-3677,Yes,3.65
DR00382,Driver_382,12.3,SUV,MH21-3695,Yes,4.32
DR00383,Driver_383,3.2,Auto,MH88-2894,Yes,3.21
DR00384,Driver_384,2.2,Auto,MH91-9859,Yes,4.05
DR00385,Driver_385,1.6,Sedan,MH90-2494,Yes,3.75
DR00386,Driver_386,0.9,SUV,MH41-9858,Yes,4.07
DR00387,Driver_387,2.2,Sedan,MH53-3224,Yes,4.71
DR00388,Driver_388,14.2,Auto,MH55-7049,Yes,4.95
DR00389,Driver_389,1.9,Auto,MH19-2108,Yes,4.51
DR00390,Driver_390,9.2,Auto,MH64-1671,Yes,4.53
DR00391,Driver_391,13.9,Sedan,MH67-7733,Yes,4.06
DR00392,Driver_392,9.6,Auto,MH42-8837,Yes,3.19
DR00393,Driver_393,1.0,Sedan,MH20-8339,Yes,4.33
DR00394,Driver_394,9.1,SUV,MH34-4850,Yes,3.3
DR00395,Driver_395,13.6,Bike,MH26-5034,Yes,3.49
DR00396,Driver_396,5.2,Bike,MH60-9216,Yes,4.42
DR00397,Driver_397,5.0,Sedan,MH56-2818,Yes,4.31
DR00398,Driver_398,4.1,Bike,MH52-2404,Yes,3.63
DR00399,Driver_399,7.8,SUV,MH62-5817,Yes,4.54
DR00400,Driver_400,4.0,Auto,MH86-3322,Yes,4.88
DR00401,Driver_401,11.0,SUV,MH10-2959,No,4.09
DR00402,Driver_402,9.9,Bike,MH16-5524,Yes,4.36
DR00403,Driver_403,6.3,SUV,MH89-2863,Yes,3.54
DR00404,Driver_404,11.0,Bike,MH96-3338,Yes,4.94
DR00405,Driver_405,1.9,Auto,MH18-1952,Yes,3.55
DR00406,Driver_406,11.4,Bike,MH44-5458,Yes,4.77
DR00407,Driver_407,9.2,SUV,MH73-7241,Yes,4.86
DR00408,Driver_408,9.6,Sedan,MH98-9914,Yes,4.44
DR00409,Driver_409,1.4,SUV,MH35-9616,Yes,4.62
DR00410,Driver_410,9.5,Bike,MH53-9973,Yes,3.92
DR00411,Driver_411,7.7,Sedan,MH16-6370,Yes,4.84
DR00412,Driver_412,7.5,SUV,MH83-1892,Yes,4.49
DR00413,Driver_413,5.2,SUV,MH84-4794,Yes,3.65
DR00414,Driver_414,0.6,Bike,MH39-5988,Yes,3.07
DR00415,Driver_415,6.6,Bike,MH27-8812,Yes,4.08
DR00416,Driver_416,6.3,SUV,MH19-1347,Yes,4.68
DR00417,Driver_417,6.6,Bike,MH56-1778,Yes,4.72
DR00418,Driver_418,9.4,Sedan,MH85-1706,Yes,4.67
DR00419,Driver_419,4.8,SUV,MH78-8173,Yes,3.43
DR00420,Driver_420,4.4,Bike,MH25-8488,Yes,3.85
DR00421,Driver_421,7.7,SUV,MH18-4325,Yes,4.23
DR00422,Driver_422,9.1,Auto,MH94-6400,Yes,4.34
DR00423,Driver_423,8.7,Auto,MH62-3455,Yes,3.67
DR00424,Driver_424,13.3,SUV,MH72-6446,Yes,4.39
DR00425,Driver_425,11.7,SUV,MH47-3624,Yes,4.18
DR00426,Driver_426,1.3,SUV,MH42-4354,Yes,4.13
DR00427,Driver_427,8.7,SUV,MH19-7613,Yes,4.33
DR00428,Driver_428,6.6,Sedan,MH41-3365,Yes,4.21
DR00429,Driver_429,5.7,Bike,MH51-5272,Yes,3.33
DR00430,Driver_430,14.4,Auto,MH17-5650,Yes,4.75
DR00431,Driver_431,7.1,SUV,MH35-7297,Yes,3.48
DR00432,Driver_432,10.9,Bike,MH57-2618,Yes,4.49
DR00433,Driver_433,14.5,Sedan,MH22-3695,No,3.35
DR00434,Driver_434,2.7,Sedan,MH41-9227,Yes,4.32
DR00435,Driver_435,1.3,Auto,MH68-1608,Yes,4.79
DR00436,Driver_436,5.0,Auto,MH18-6831,Yes,3.02
DR00437,Driver_437,1.1,Sedan,MH13-3875,Yes,4.96
DR00438,Driver_438,2.2,SUV,MH42-4588,Yes,3.06
DR00439,Driver_439,14.9,Sedan,MH47-1518,Yes,3.02
DR00440,Driver_440,14.4,Sedan,MH62-8400,Yes,4.72
DR00441,Driver_441,10.5,SUV,MH67-2037,Yes,4.42
DR00442,Driver_442,11.4,Bike,MH81-6166,No,3.21
DR00443,Driver_443,2.5,Auto,MH43-4997,Yes,4.87
DR00444,Driver_444,9.1,SUV,MH79-2519,Yes,4.34
DR00445,Driver_445,2.7,Sedan,MH90-2194,Yes,3.22
DR00446,Driver_446,6.0,Bike,MH94-6753,Yes,4.72
DR00447,Driver_447,5.5,Bike,MH13-8806,Yes,3.96
DR00448,Driver_448,9.4,Bike,MH47-4026,No,3.56
DR00449,Driver_449,1.7,Sedan,MH15-2164,Yes,4.65
DR00450,Driver_450,2.0,Sedan,MH42-2504,Yes,4.48
DR00451,Driver_451,9.3,SUV,MH81-7891,Yes,4.25
DR00452,Driver_452,9.7,SUV,MH57-3117,Yes,4.8
DR00453,Driver_453,5.4,Auto,MH34-7937,Yes,4.72
DR00454,Driver_454,2.6,Auto,MH87-7155,Yes,3.45
DR00455,Driver_455,13.3,Auto,MH40-1275,Yes,4.76
DR00456,Driver_456,1.3,Bike,MH93-5822,Yes,3.75
DR00457,Driver_457,10.9,Auto,MH67-7400,Yes,3.86
DR00458,Driver_458,2.5,SUV,MH38-5059,Yes,4.94
DR00459,Driver_459,9.7,SUV,MH89-9814,Yes,4.52
DR00460,Driver_460,10.1,Sedan,MH50-9946,Yes,3.64
DR00461,Driver_461,12.2,Bike,MH40-5201,Yes,4.3
DR00462,Driver_462,6.2,Sedan,MH12-8710,Yes,4.08
DR00463,Driver_463,0.8,Bike,MH52-7242,Yes,3.23
DR00464,Driver_464,12.3,Bike,MH59-2872,Yes,4.78
DR00465,Driver_465,6.9,Sedan,MH39-2626,Yes,4.64
DR00466,Driver_466,12.8,Sedan,MH34-8735,Yes,4.56
DR00467,Driver_467,11.8,Sedan,MH76-5985,Yes,4.12
DR00468,Driver_468,7.7,Bike,MH40-4027,Yes,3.44
DR00469,Driver_469,15.0,Auto,MH61-1853,Yes,4.77
DR00470,Driver_470,7.2,Sedan,MH16-4483,Yes,3.71
DR00471,Driver_471,10.6,SUV,MH45-3283,Yes,3.04
DR00472,Driver_472,10.2,Auto,MH82-3997,Yes,4.96
DR00473,Driver_473,8.0,Auto,MH79-7404,Yes,4.72
DR00474,Driver_474,9.0,Sedan,MH20-5269,Yes,4.25
DR00475,Driver_475,12.1,Sedan,MH85-3725,Yes,3.02
DR00476,Driver_476,8.8,Bike,MH84-2174,Yes,3.46
DR00477,Driver_477,7.0,SUV,MH92-8212,Yes,3.9
DR00478,Driver_478,10.1,SUV,MH55-3669,Yes,4.26
DR00479,Driver_479,1.0,Auto,MH89-9896,Yes,4.42
DR00480,Driver_480,2.1,SUV,MH84-8073,Yes,4.58
DR00481,Driver_481,2.3,Auto,MH85-7510,Yes,4.11
DR00482,Driver_482,6.7,SUV,MH20-9212,Yes,4.31
DR00483,Driver_483,13.1,Auto,MH56-1989,Yes,4.62
DR00484,Driver_484,9.8,Sedan,MH33-9688,Yes,4.44
DR00485,Driver_485,14.6,Auto,MH80-8259,Yes,4.91
DR00486,Driver_486,1.1,SUV,MH11-4195,Yes,4.75
DR00487,Driver_487,11.0,Auto,MH35-9161,Yes,3.34
DR00488,Driver_488,5.1,Sedan,MH37-7909,Yes,4.89
DR00489,Driver_489,0.8,Auto,MH35-7733,Yes,3.41
DR00490,Driver_490,12.5,Auto,MH50-3382,Yes,4.98
DR00491,Driver_491,2.9,Sedan,MH55-5633,Yes,4.4
DR00492,Driver_492,3.6,SUV,MH64-8111,Yes,4.26
DR00493,Driver_493,5.4,Auto,MH15-4982,Yes,3.65
DR00494,Driver_494,11.9,Sedan,MH35-2628,Yes,3.27
DR00495,Driver_495,9.6,Sedan,MH43-1785,Yes,3.25
DR00496,Driver_496,4.3,SUV,MH87-5441,Yes,4.73
DR00497,Driver_497,2.9,Bike,MH90-5689,Yes,3.86
DR00498,Driver_498,2.1,Auto,MH14-4936,Yes,4.12
DR00499,Driver_499,2.7,Bike,MH58-9456,Yes,4.86
DR00500,Driver_500,13.1,Auto,MH45-2674,Yes,3.51
DR00501,Driver_501,13.9,Bike,MH82-3832,Yes,4.53
DR00502,Driver_502,14.5,Bike,MH39-5853,Yes,3.94
DR00503,Driver_503,12.6,Sedan,MH35-9861,Yes,3.43
DR00504,Driver_504,13.4,SUV,MH54-7918,Yes,4.71
DR00505,Driver_505,12.3,Bike,MH94-4962,Yes,4.36
DR00506,Driver_506,14.4,Auto,MH96-1544,Yes,3.19
DR00507,Driver_507,12.8,Sedan,MH69-6411,Yes,4.08
DR00508,Driver_508,7.2,Auto,MH90-3440,Yes,4.7
DR00509,Driver_509,5.2,Sedan,MH50-1118,No,3.13
DR00510,Driver_510,9.0,SUV,MH97-4670,Yes,3.83
DR00511,Driver_511,9.3,Bike,MH71-9150,Yes,4.61
DR00512,Driver_512,8.8,SUV,MH73-7705,Yes,4.72
DR00513,Driver_513,10.7,Sedan,MH52-9858,Yes,4.55
DR00514,Driver_514,10.6,Sedan,MH51-1122,Yes,3.61
DR00515,Driver_515,1.8,Sedan,MH93-4743,Yes,4.01
DR00516,Driver_516,4.6,Sedan,MH41-7154,Yes,4.48
DR00517,Driver_517,13.4,Bike,MH64-7534,Yes,3.31
DR00518,Driver_518,9.1,Auto,MH50-4385,Yes,4.19
DR00519,Driver_519,5.3,Sedan,MH78-5504,Yes,4.44
DR00520,Driver_520,12.8,Bike,MH45-4058,Yes,4.7
DR00521,Driver_521,4.1,Sedan,MH92-7948,Yes,3.22
DR00522,Driver_522,6.4,Bike,MH91-3279,Yes,3.66
DR00523,Driver_523,4.5,SUV,MH95-2305,Yes,4.08
DR00524,Driver_524,13.1,Bike,MH53-5535,Yes,4.4
DR00525,Driver_525,11.1,Bike,MH41-6485,Yes,4.46
DR00526,Driver_526,7.2,Sedan,MH38-1889,Yes,3.51
DR00527,Driver_527,14.0,SUV,MH49-2990,Yes,3.03
DR00528,Driver_528,13.9,Bike,MH74-9220,Yes,4.39
DR00529,Driver_529,10.8,SUV,MH72-2252,Yes,4.82
DR00530,Driver_530,13.4,SUV,MH25-8297,Yes,4.6
DR00531,Driver_531,10.9,Bike,MH16-3833,Yes,4.24
DR00532,Driver_532,9.6,Sedan,MH35-4135,Yes,4.96
DR00533,Driver_533,6.6,SUV,MH85-3830,Yes,3.87
DR00534,Driver_534,4.5,Auto,MH19-6686,Yes,4.05
DR00535,Driver_535,1.4,Sedan,MH37-8721,Yes,3.02
DR00536,Driver_536,12.1,Sedan,MH99-1631,Yes,4.89
DR00537,Driver_537,2.3,Auto,MH41-1132,Yes,4.17
DR00538,Driver_538,6.5,Sedan,MH72-5882,Yes,3.78
DR00539,Driver_539,3.9,Sedan,MH30-8637,Yes,3.09
DR00540,Driver_540,7.1,Bike,MH32-3847,Yes,3.72
DR00541,Driver_541,5.1,SUV,MH81-9332,Yes,3.01
DR00542,Driver_542,12.5,Bike,MH12-7626,Yes,3.65
DR00543,Driver_543,14.7,Sedan,MH90-9690,Yes,4.9
DR00544,Driver_544,14.2,Auto,MH15-9142,Yes,3.31
DR00545,Driver_545,9.5,SUV,MH55-4100,Yes,4.09
DR00546,Driver_546,14.7,Auto,MH76-4836,Yes,3.37
DR00547,Driver_547,6.3,Auto,MH88-3060,Yes,4.57
DR00548,Driver_548,8.1,Bike,MH61-4403,Yes,4.12
DR00549,Driver_549,4.2,SUV,MH33-6449,Yes,3.4
DR00550,Driver_550,13.5,Bike,MH11-5045,No,4.73
DR00551,Driver_551,3.1,SUV,MH80-7464,Yes,4.57
DR00552,Driver_552,9.4,Auto,MH78-3242,Yes,4.9
DR00553,Driver_553,12.1,Bike,MH67-7251,Yes,3.0
DR00554,Driver_554,9.1,Auto,MH12-4999,Yes,3.91
DR00555,Driver_555,1.6,Bike,MH88-9210,Yes,5.0
DR00556,Driver_556,9.4,Sedan,MH11-4705,Yes,4.62
DR00557,Driver_557,11.6,Bike,MH46-9196,Yes,4.66
DR00558,Driver_558,3.2,SUV,MH50-3078,Yes,4.24
DR00559,Driver_559,11.2,SUV,MH15-7129,Yes,4.43
DR00560,Driver_560,13.2,Sedan,MH69-4146,Yes,4.61
DR00561,Driver_561,14.8,Auto,MH65-5428,Yes,3.18
DR00562,Driver_562,6.4,Sedan,MH71-8725,Yes,4.39
DR00563,Driver_563,0.9,SUV,MH20-6771,Yes,4.63
DR00564,Driver_564,6.6,SUV,MH13-3265,Yes,3.08
DR00565,Driver_565,10.1,SUV,MH67-4628,Yes,3.59
DR00566,Driver_566,13.4,Auto,MH31-3477,Yes,3.65
DR00567,Driver_567,14.1,Sedan,MH30-5247,Yes,4.71
DR00568,Driver_568,13.7,Bike,MH39-1770,No,4.56
DR00569,Driver_569,10.0,Bike,MH89-5713,Yes,4.31
DR00570,Driver_570,10.4,Bike,MH55-2962,Yes,4.61
DR00571,Driver_571,0.5,Sedan,MH12-9936,Yes,3.91
DR00572,Driver_572,5.8,SUV,MH55-9551,Yes,4.75
DR00573,Driver_573,13.6,SUV,MH55-9401,Yes,3.47
DR00574,Driver_574,10.5,Sedan,MH33-6523,Yes,4.41
DR00575,Driver_575,7.3,Bike,MH40-5377,Yes,3.48
DR00576,Driver_576,2.0,SUV,MH70-9313,Yes,3.08
DR00577,Driver_577,4.1,SUV,MH81-2767,Yes,3.57
DR00578,Driver_578,8.5,SUV,MH81-5209,Yes,3.99
DR00579,Driver_579,13.5,SUV,MH68-6017,Yes,4.69
DR00580,Driver_580,1.9,SUV,MH85-4976,Yes,4.02
DR00581,Driver_581,2.7,Bike,MH58-9323,Yes,3.36
DR00582,Driver_582,10.0,SUV,MH36-8424,No,4.99
DR00583,Driver_583,4.8,SUV,MH64-3679,Yes,3.54
DR00584,Driver_584,3.0,SUV,MH64-7108,Yes,4.97
DR00585,Driver_585,3.1,Sedan,MH93-2013,Yes,4.87
DR00586,Driver_586,7.6,SUV,MH73-7673,No,4.08
DR00587,Driver_587,9.0,SUV,MH43-4536,Yes,3.18
DR00588,Driver_588,13.6,SUV,MH84-9068,Yes,4.39
DR00589,Driver_589,8.2,SUV,MH99-3536,Yes,4.69
DR00590,Driver_590,10.5,SUV,MH37-1997,Yes,3.89
DR00591,Driver_591,3.1,Bike,MH30-8841,Yes,3.48
DR00592,Driver_592,10.8,Sedan,MH10-5096,Yes,4.61
DR00593,Driver_593,9.9,Auto,MH76-7118,Yes,4.09
DR00594,Driver_594,3.6,SUV,MH48-6859,Yes,3.4
DR00595,Driver_595,10.2,SUV,MH43-2776,No,4.9
DR00596,Driver_596,3.6,Auto,MH43-2769,Yes,4.9
DR00597,Driver_597,9.1,SUV,MH23-7582,Yes,3.73
DR00598,Driver_598,10.2,Auto,MH74-8997,Yes,3.13
DR00599,Driver_599,10.6,Auto,MH65-9631,No,4.26
DR00600,Driver_600,13.7,Auto,MH36-1734,Yes,3.63
DR00601,Driver_601,14.2,Auto,MH42-1040,Yes,3.13
DR00602,Driver_602,12.2,Sedan,MH43-6773,Yes,4.78
DR00603,Driver_603,13.2,Bike,MH54-4332,Yes,5.0
DR00604,Driver_604,0.8,Auto,MH25-3116,Yes,3.7
DR00605,Driver_605,5.8,Bike,MH82-3292,Yes,4.49
DR00606,Driver_606,1.1,Bike,MH68-4479,Yes,3.13
DR00607,Driver_607,3.8,Sedan,MH13-3373,Yes,3.74
DR00608,Driver_608,6.0,Sedan,MH86-5548,Yes,3.22
DR00609,Driver_609,13.1,SUV,MH53-9069,Yes,3.11
DR00610,Driver_610,7.9,Sedan,MH79-5768,Yes,4.18
DR00611,Driver_611,9.9,SUV,MH88-4951,Yes,4.6
DR00612,Driver_612,5.8,Bike,MH15-5506,Yes,3.91
DR00613,Driver_613,9.2,Bike,MH30-2040,Yes,4.05
DR00614,Driver_614,12.3,Sedan,MH59-6699,Yes,3.54
DR00615,Driver_615,4.9,Bike,MH83-4193,Yes,4.47
DR00616,Driver_616,14.0,Bike,MH23-6964,Yes,3.72
DR00617,Driver_617,3.6,Bike,MH90-5022,Yes,3.13
DR00618,Driver_618,13.8,Auto,MH86-1309,Yes,3.33
DR00619,Driver_619,0.9,SUV,MH14-1271,Yes,3.26
DR00620,Driver_620,8.4,Sedan,MH90-9993,Yes,3.87
DR00621,Driver_621,14.8,Sedan,MH20-2724,Yes,3.13
DR00622,Driver_622,9.3,Bike,MH97-8684,Yes,4.61
DR00623,Driver_623,8.5,SUV,MH67-7334,Yes,4.82
DR00624,Driver_624,10.4,Auto,MH54-1749,Yes,3.5
DR00625,Driver_625,4.7,Bike,MH66-2855,Yes,3.97
DR00626,Driver_626,1.3,Sedan,MH89-8658,Yes,4.04
DR00627,Driver_627,4.1,Sedan,MH44-8040,Yes,4.97
DR00628,Driver_628,3.1,Sedan,MH92-3640,Yes,3.13
DR00629,Driver_629,13.9,SUV,MH85-5398,Yes,4.34
DR00630,Driver_630,12.9,Sedan,MH26-3114,Yes,3.69
DR00631,Driver_631,5.1,Auto,MH20-8767,Yes,4.0
DR00632,Driver_632,12.6,SUV,MH50-1708,Yes,3.43
DR00633,Driver_633,3.6,Sedan,MH36-1689,Yes,3.32
DR00634,Driver_634,3.4,Bike,MH25-4557,Yes,3.49
DR00635,Driver_635,11.6,Sedan,MH78-5382,Yes,3.14
DR00636,Driver_636,5.2,Sedan,MH92-2127,Yes,3.56
DR00637,Driver_637,1.4,Bike,MH28-9316,Yes,4.38
DR00638,Driver_638,10.9,Sedan,MH46-6246,Yes,4.3
DR00639,Driver_639,14.8,Sedan,MH37-8560,Yes,4.11
DR00640,Driver_640,8.7,Bike,MH41-3223,Yes,3.0
DR00641,Driver_641,4.3,Sedan,MH62-4315,Yes,3.25
DR00642,Driver_642,5.9,Bike,MH71-9086,Yes,4.69
DR00643,Driver_643,9.9,SUV,MH38-5499,Yes,3.54
DR00644,Driver_644,10.7,Auto,MH40-1712,Yes,4.82
DR00645,Driver_645,13.4,Bike,MH35-6516,Yes,4.75
DR00646,Driver_646,13.7,Bike,MH47-5539,Yes,3.31
DR00647,Driver_647,13.0,Auto,MH42-4322,Yes,4.8
DR00648,Driver_648,9.9,Sedan,MH73-9099,Yes,4.26
DR00649,Driver_649,7.0,Auto,MH53-6909,Yes,4.26
DR00650,Driver_650,10.3,Bike,MH46-4251,Yes,4.71
DR00651,Driver_651,10.2,Bike,MH73-1280,Yes,3.81
DR00652,Driver_652,3.7,SUV,MH60-6949,Yes,4.47
DR00653,Driver_653,7.9,Bike,MH91-6055,Yes,4.34
DR00654,Driver_654,3.5,Auto,MH54-6624,Yes,4.54
DR00655,Driver_655,13.5,Bike,MH86-8156,Yes,4.32
DR00656,Driver_656,5.2,Auto,MH18-2945,Yes,3.16
DR00657,Driver_657,12.2,Bike,MH43-5996,Yes,3.59
DR00658,Driver_658,6.0,Sedan,MH89-6951,Yes,4.88
DR00659,Driver_659,11.6,SUV,MH11-1086,Yes,3.45
DR00660,Driver_660,3.7,Auto,MH60-1037,Yes,3.94
DR00661,Driver_661,11.6,SUV,MH16-1604,Yes,3.71
DR00662,Driver_662,3.1,SUV,MH31-3068,Yes,3.17
DR00663,Driver_663,7.6,Auto,MH57-6630,Yes,3.36
DR00664,Driver_664,2.1,Bike,MH59-7920,Yes,3.57
DR00665,Driver_665,8.2,Bike,MH44-7736,Yes,3.93
DR00666,Driver_666,12.4,Auto,MH12-4138,Yes,4.75
DR00667,Driver_667,11.5,Bike,MH28-8494,Yes,4.03
DR00668,Driver_668,1.2,Auto,MH72-1135,Yes,4.3
DR00669,Driver_669,7.6,Auto,MH50-7805,Yes,3.85
DR00670,Driver_670,12.9,Sedan,MH91-5696,Yes,4.74
DR00671,Driver_671,9.9,Bike,MH95-7051,Yes,4.33
DR00672,Driver_672,1.4,Bike,MH27-7144,Yes,3.18
DR00673,Driver_673,5.2,Sedan,MH95-8334,Yes,3.96
DR00674,Driver_674,8.6,Bike,MH77-3466,Yes,4.65
DR00675,Driver_675,3.0,Sedan,MH46-9837,Yes,4.47
DR00676,Driver_676,10.4,Sedan,MH44-4979,Yes,4.81
DR00677,Driver_677,9.7,SUV,MH47-9775,Yes,3.46
DR00678,Driver_678,3.4,SUV,MH79-2400,Yes,4.95
DR00679,Driver_679,8.5,Auto,MH60-6137,Yes,3.57
DR00680,Driver_680,12.3,SUV,MH26-9689,Yes,3.1
DR00681,Driver_681,5.9,Sedan,MH16-8545,Yes,3.99
DR00682,Driver_682,4.1,Auto,MH67-5033,Yes,3.22
DR00683,Driver_683,10.7,Bike,MH49-6266,Yes,4.36
DR00684,Driver_684,1.5,SUV,MH22-5001,Yes,4.8
DR00685,Driver_685,12.6,SUV,MH13-3098,Yes,4.84
DR00686,Driver_686,14.2,Auto,MH51-7678,Yes,4.21
DR00687,Driver_687,14.5,Sedan,MH27-7554,Yes,4.07
DR00688,Driver_688,6.8,Bike,MH15-9679,Yes,4.99
DR00689,Driver_689,9.5,Auto,MH39-6809,No,4.16
DR00690,Driver_690,12.9,SUV,MH89-4518,Yes,4.85
DR00691,Driver_691,3.7,SUV,MH98-5473,Yes,4.83
DR00692,Driver_692,0.9,Bike,MH43-1623,No,3.58
DR00693,Driver_693,6.1,Auto,MH86-8802,Yes,3.03
DR00694,Driver_694,13.3,SUV,MH28-8902,Yes,3.88
DR00695,Driver_695,7.8,Auto,MH85-5163,Yes,4.72
DR00696,Driver_696,8.2,Sedan,MH63-5784,Yes,4.67
DR00697,Driver_697,10.5,Bike,MH88-6597,Yes,4.21
DR00698,Driver_698,8.8,SUV,MH41-4076,Yes,3.31
DR00699,Driver_699,1.3,Bike,MH17-1790,Yes,3.22
DR00700,Driver_700,8.6,Sedan,MH51-1327,Yes,4.91
DR00701,Driver_701,9.9,Bike,MH65-3516,Yes,3.84
DR00702,Driver_702,9.8,Sedan,MH60-2902,Yes,4.3
DR00703,Driver_703,11.1,Sedan,MH61-4862,Yes,4.81
DR00704,Driver_704,8.0,SUV,MH54-5034,Yes,4.74
DR00705,Driver_705,13.6,Sedan,MH26-4018,Yes,4.13
DR00706,Driver_706,7.2,Auto,MH73-9034,Yes,3.98
DR00707,Driver_707,8.0,SUV,MH73-8516,Yes,4.47
DR00708,Driver_708,11.8,Auto,MH51-8670,Yes,3.7
DR00709,Driver_709,12.6,Auto,MH61-4625,Yes,4.25
DR00710,Driver_710,9.9,Sedan,MH59-1105,Yes,3.05
DR00711,Driver_711,2.3,Sedan,MH18-9507,Yes,4.65
DR00712,Driver_712,5.3,Sedan,MH71-3234,Yes,5.0
DR00713,Driver_713,0.8,Sedan,MH98-9607,Yes,4.91
DR00714,Driver_714,4.8,Sedan,MH21-3481,Yes,3.72
DR00715,Driver_715,8.8,Auto,MH85-7750,Yes,4.06
DR00716,Driver_716,12.2,Sedan,MH23-4840,Yes,3.47
DR00717,Driver_717,9.0,Sedan,MH98-6477,Yes,3.61
DR00718,Driver_718,1.1,Auto,MH69-7309,Yes,3.91
DR00719,Driver_719,4.3,SUV,MH45-1141,Yes,4.49
DR00720,Driver_720,8.9,SUV,MH93-1468,Yes,3.04
DR00721,Driver_721,10.8,SUV,MH61-4870,Yes,3.79
DR00722,Driver_722,13.1,Auto,MH38-6971,Yes,4.11
DR00723,Driver_723,14.5,Auto,MH57-8410,Yes,3.43
DR00724,Driver_724,13.4,Auto,MH80-6972,Yes,3.16
DR00725,Driver_725,7.3,SUV,MH11-4760,Yes,4.08
DR00726,Driver_726,11.3,Sedan,MH81-5954,Yes,4.28
DR00727,Driver_727,4.0,Bike,MH46-2931,Yes,4.28
DR00728,Driver_728,1.4,Bike,MH33-8055,No,3.71
DR00729,Driver_729,1.3,Auto,MH21-1807,Yes,3.47
DR00730,Driver_730,4.0,Sedan,MH28-7078,Yes,3.44
DR00731,Driver_731,1.0,SUV,MH45-9814,Yes,3.08
DR00732,Driver_732,12.8,Bike,MH95-9589,Yes,3.37
DR00733,Driver_733,7.6,Bike,MH56-8629,Yes,4.64
DR00734,Driver_734,12.3,Auto,MH51-3465,Yes,3.01
DR00735,Driver_735,14.1,Sedan,MH27-8422,Yes,3.09
DR00736,Driver_736,14.9,Auto,MH20-9761,Yes,3.25
DR00737,Driver_737,14.1,Sedan,MH54-2866,Yes,3.84
DR00738,Driver_738,10.9,SUV,MH98-9601,Yes,3.67
DR00739,Driver_739,6.9,Sedan,MH59-2574,Yes,3.36
DR00740,Driver_740,9.2,SUV,MH85-7139,Yes,3.22
DR00741,Driver_741,12.3,Bike,MH91-9033,Yes,4.88
DR00742,Driver_742,13.5,Sedan,MH24-5281,Yes,4.82
DR00743,Driver_743,14.4,Auto,MH24-5995,Yes,4.54
DR00744,Driver_744,11.1,SUV,MH69-5225,Yes,3.5
DR00745,Driver_745,8.3,SUV,MH50-5047,Yes,3.65
DR00746,Driver_746,14.5,Auto,MH48-4743,Yes,4.33
DR00747,Driver_747,14.4,Auto,MH22-3123,Yes,3.58
DR00748,Driver_748,7.4,Sedan,MH35-1264,Yes,4.06
DR00749,Driver_749,9.9,Auto,MH27-3360,Yes,4.3
DR00750,Driver_750,12.2,Sedan,MH23-7043,Yes,4.04
DR00751,Driver_751,6.8,Bike,MH24-8488,Yes,3.83
DR00752,Driver_752,12.5,SUV,MH54-2914,Yes,3.7
DR00753,Driver_753,2.1,Bike,MH40-7054,Yes,4.56
DR00754,Driver_754,7.5,Bike,MH84-3228,Yes,4.48
DR00755,Driver_755,7.5,Bike,MH93-5982,Yes,4.39
DR00756,Driver_756,10.4,SUV,MH61-9891,Yes,3.75
DR00757,Driver_757,2.2,Sedan,MH23-3469,Yes,4.55
DR00758,Driver_758,2.0,SUV,MH17-6300,No,4.92
DR00759,Driver_759,13.6,SUV,MH26-1390,Yes,4.38
DR00760,Driver_760,4.9,Bike,MH52-2479,Yes,3.82
DR00761,Driver_761,5.2,Sedan,MH92-8365,Yes,4.59
DR00762,Driver_762,11.8,Bike,MH74-5699,Yes,4.22
DR00763,Driver_763,6.5,SUV,MH32-5098,Yes,4.76
DR00764,Driver_764,12.6,Auto,MH74-9005,Yes,4.43
DR00765,Driver_765,6.3,Sedan,MH84-8073,Yes,4.54
DR00766,Driver_766,11.5,SUV,MH50-6283,Yes,4.33
DR00767,Driver_767,8.1,SUV,MH57-5842,Yes,3.18
DR00768,Driver_768,14.1,Sedan,MH72-2920,Yes,3.97
DR00769,Driver_769,5.2,Bike,MH40-5084,Yes,3.11
DR00770,Driver_770,5.8,Sedan,MH59-2810,Yes,3.9
DR00771,Driver_771,14.6,Auto,MH38-2481,Yes,4.43
DR00772,Driver_772,11.2,SUV,MH18-6916,Yes,3.84
DR00773,Driver_773,11.7,Sedan,MH57-8803,Yes,3.0
DR00774,Driver_774,4.8,SUV,MH58-4518,No,3.74
DR00775,Driver_775,8.2,Bike,MH11-7287,Yes,3.14
DR00776,Driver_776,5.0,Auto,MH53-8608,Yes,4.56
DR00777,Driver_777,4.3,Bike,MH11-4427,Yes,4.57
DR00778,Driver_778,8.3,Bike,MH33-8034,No,4.61
DR00779,Driver_779,14.8,Bike,MH21-9239,Yes,3.06
DR00780,Driver_780,3.6,Auto,MH86-1684,Yes,3.06
DR00781,Driver_781,4.0,Bike,MH60-8292,Yes,4.81
DR00782,Driver_782,4.0,Bike,MH39-9259,Yes,3.25
DR00783,Driver_783,12.0,Sedan,MH90-7208,Yes,4.34
DR00784,Driver_784,7.9,Sedan,MH59-4630,Yes,4.59
DR00785,Driver_785,6.1,Bike,MH33-7736,Yes,3.9
DR00786,Driver_786,12.7,Sedan,MH86-3123,Yes,4.09
DR00787,Driver_787,4.8,Auto,MH77-1481,Yes,3.45
DR00788,Driver_788,6.2,Bike,MH73-3348,Yes,4.85
DR00789,Driver_789,1.6,Bike,MH31-3329,Yes,3.6
DR00790,Driver_790,2.2,Auto,MH89-2872,Yes,3.44
DR00791,Driver_791,2.5,SUV,MH30-5638,Yes,4.05
DR00792,Driver_792,5.5,Auto,MH98-9483,Yes,3.38
DR00793,Driver_793,8.1,SUV,MH86-5823,Yes,4.37
DR00794,Driver_794,0.5,SUV,MH48-1690,Yes,4.03
DR00795,Driver_795,3.3,Bike,MH57-4716,Yes,3.3
DR00796,Driver_796,3.0,Sedan,MH53-4986,Yes,3.13
DR00797,Driver_797,4.2,Sedan,MH96-7921,Yes,3.27
DR00798,Driver_798,2.9,Auto,MH16-5124,Yes,3.27
DR00799,Driver_799,3.3,Sedan,MH93-9413,Yes,3.63
DR00800,Driver_800,14.8,Bike,MH52-6635,No,4.67
DR00801,Driver_801,9.1,Sedan,MH62-8951,Yes,3.11
DR00802,Driver_802,11.6,Sedan,MH41-6921,Yes,3.26
DR00803,Driver_803,12.4,Bike,MH38-8413,Yes,3.61
DR00804,Driver_804,10.2,Sedan,MH44-7225,Yes,4.11
DR00805,Driver_805,10.7,Auto,MH42-5329,Yes,4.53
DR00806,Driver_806,9.7,Sedan,MH18-2091,Yes,4.84
DR00807,Driver_807,9.9,SUV,MH34-4110,Yes,3.82
DR00808,Driver_808,14.0,Bike,MH88-8290,Yes,3.21
DR00809,Driver_809,3.2,SUV,MH35-8137,No,3.43
DR00810,Driver_810,4.5,Auto,MH84-2175,No,3.57
DR00811,Driver_811,1.9,SUV,MH23-8552,Yes,4.57
DR00812,Driver_812,12.6,SUV,MH90-7086,Yes,4.37
DR00813,Driver_813,7.0,Bike,MH57-8625,Yes,3.42
DR00814,Driver_814,13.7,Auto,MH97-5289,Yes,4.68
DR00815,Driver_815,6.5,SUV,MH26-2109,Yes,4.72
DR00816,Driver_816,6.9,SUV,MH68-4647,Yes,4.76
DR00817,Driver_817,7.0,SUV,MH91-1567,Yes,3.55
DR00818,Driver_818,9.4,Auto,MH80-1031,Yes,3.27
DR00819,Driver_819,11.6,SUV,MH63-9602,Yes,3.21
DR00820,Driver_820,5.6,SUV,MH62-5618,Yes,3.8
DR00821,Driver_821,9.6,SUV,MH14-5021,Yes,3.86
DR00822,Driver_822,3.5,Auto,MH51-7843,Yes,4.74
DR00823,Driver_823,8.5,Auto,MH99-4391,Yes,3.54
DR00824,Driver_824,8.4,SUV,MH15-8855,Yes,4.25
DR00825,Driver_825,13.4,Sedan,MH73-4091,Yes,4.58
DR00826,Driver_826,13.5,SUV,MH83-3449,Yes,3.54
DR00827,Driver_827,7.6,Sedan,MH49-8227,Yes,3.53
DR00828,Driver_828,0.9,Auto,MH61-7122,Yes,4.34
DR00829,Driver_829,12.7,Auto,MH30-6242,Yes,4.45
DR00830,Driver_830,0.5,SUV,MH34-9292,Yes,4.92
DR00831,Driver_831,7.4,Auto,MH64-4196,Yes,4.7
DR00832,Driver_832,0.8,SUV,MH12-7760,Yes,4.64
DR00833,Driver_833,5.6,SUV,MH37-2359,Yes,4.38
DR00834,Driver_834,9.7,Bike,MH57-4760,Yes,3.24
DR00835,Driver_835,5.9,Bike,MH90-3113,Yes,4.62
DR00836,Driver_836,13.9,Sedan,MH90-2928,Yes,4.87
DR00837,Driver_837,9.8,Bike,MH13-2723,Yes,3.78
DR00838,Driver_838,9.9,Auto,MH88-8548,Yes,3.63
DR00839,Driver_839,5.9,Bike,MH41-8616,Yes,4.04
DR00840,Driver_840,1.1,Bike,MH83-2869,Yes,4.91
DR00841,Driver_841,11.2,Auto,MH57-8530,No,3.1
DR00842,Driver_842,10.9,SUV,MH46-9694,Yes,4.42
DR00843,Driver_843,8.2,Sedan,MH92-9545,Yes,4.63
DR00844,Driver_844,6.5,Sedan,MH98-3341,Yes,4.58
DR00845,Driver_845,8.3,Auto,MH51-4894,Yes,4.13
DR00846,Driver_846,11.3,Sedan,MH61-4338,Yes,4.84
DR00847,Driver_847,10.8,Bike,MH32-1205,Yes,3.27
DR00848,Driver_848,10.0,Sedan,MH57-3482,Yes,3.49
DR00849,Driver_849,13.6,SUV,MH54-8233,Yes,3.61
DR00850,Driver_850,9.3,Auto,MH29-3814,Yes,3.02
DR00851,Driver_851,0.7,Bike,MH35-9304,Yes,3.74
DR00852,Driver_852,9.5,Sedan,MH50-2895,Yes,3.32
DR00853,Driver_853,9.4,SUV,MH41-3413,Yes,4.45
DR00854,Driver_854,1.5,SUV,MH78-6099,Yes,3.83
DR00855,Driver_855,6.7,Bike,MH40-4636,Yes,4.41
DR00856,Driver_856,9.9,Auto,MH66-7207,Yes,3.59
DR00857,Driver_857,10.7,Sedan,MH26-9246,Yes,3.26
DR00858,Driver_858,13.4,Bike,MH72-8572,Yes,3.26
DR00859,Driver_859,12.7,Sedan,MH99-2825,Yes,3.41
DR00860,Driver_860,2.2,Sedan,MH31-8857,Yes,3.23
DR00861,Driver_861,9.3,Auto,MH93-9185,Yes,3.44
DR00862,Driver_862,9.1,Bike,MH97-3389,Yes,4.16
DR00863,Driver_863,4.9,SUV,MH35-3504,Yes,3.51
DR00864,Driver_864,3.2,Bike,MH35-3850,Yes,3.69
DR00865,Driver_865,3.4,Auto,MH23-7254,Yes,3.11
DR00866,Driver_866,3.1,Bike,MH71-9838,Yes,4.78
DR00867,Driver_867,12.2,Bike,MH72-8656,Yes,3.28
DR00868,Driver_868,2.7,Sedan,MH61-1863,Yes,3.7
DR00869,Driver_869,4.3,Sedan,MH31-2079,Yes,3.76
DR00870,Driver_870,3.7,Auto,MH94-1169,Yes,4.54
DR00871,Driver_871,10.8,Bike,MH72-5402,Yes,3.97
DR00872,Driver_872,2.8,Auto,MH50-5731,Yes,3.77
DR00873,Driver_873,0.8,Bike,MH22-5757,Yes,4.39
DR00874,Driver_874,5.9,Sedan,MH41-7080,Yes,4.19
DR00875,Driver_875,4.9,Auto,MH25-8246,Yes,3.16
DR00876,Driver_876,6.3,Auto,MH98-5813,Yes,3.63
DR00877,Driver_877,11.4,Auto,MH65-4520,Yes,4.96
DR00878,Driver_878,0.7,SUV,MH98-8873,Yes,3.97
DR00879,Driver_879,1.0,Auto,MH26-1402,Yes,3.85
DR00880,Driver_880,4.2,Sedan,MH85-3730,Yes,3.3
DR00881,Driver_881,13.4,SUV,MH97-2012,Yes,4.68
DR00882,Driver_882,3.0,Sedan,MH93-2335,Yes,3.27
DR00883,Driver_883,15.0,Sedan,MH61-6965,Yes,3.21
DR00884,Driver_884,12.2,Auto,MH74-3915,Yes,3.88
DR00885,Driver_885,7.1,Auto,MH58-2264,Yes,3.87
DR00886,Driver_886,11.3,SUV,MH11-6320,Yes,4.96
DR00887,Driver_887,8.0,SUV,MH98-7591,Yes,3.26
DR00888,Driver_888,8.7,Bike,MH60-3515,Yes,3.97
DR00889,Driver_889,8.9,Bike,MH80-5019,Yes,3.4
DR00890,Driver_890,9.9,Bike,MH13-8348,Yes,4.4
DR00891,Driver_891,1.4,Sedan,MH37-4754,Yes,3.78
DR00892,Driver_892,9.4,Bike,MH76-5281,Yes,4.3
DR00893,Driver_893,10.9,Sedan,MH69-7077,Yes,3.68
DR00894,Driver_894,5.0,Bike,MH77-5296,No,4.13
DR00895,Driver_895,14.7,Sedan,MH90-1766,Yes,3.94
DR00896,Driver_896,2.6,Bike,MH63-2284,Yes,3.75
DR00897,Driver_897,13.7,Auto,MH78-3106,Yes,4.08
DR00898,Driver_898,10.3,Sedan,MH55-3283,Yes,3.77
DR00899,Driver_899,10.1,Auto,MH80-3565,Yes,4.61
DR00900,Driver_900,13.2,Bike,MH96-3079,Yes,3.99
DR00901,Driver_901,12.6,Auto,MH51-3927,Yes,4.81
DR00902,Driver_902,5.5,SUV,MH75-3500,Yes,3.45
DR00903,Driver_903,10.7,Sedan,MH90-2983,Yes,3.22
DR00904,Driver_904,1.2,Sedan,MH51-2852,Yes,3.76
DR00905,Driver_905,7.2,SUV,MH81-4113,Yes,3.37
DR00906,Driver_906,14.1,Sedan,MH99-2682,Yes,3.79
DR00907,Driver_907,4.5,SUV,MH14-5269,No,3.41
DR00908,Driver_908,1.2,SUV,MH49-3498,Yes,4.74
DR00909,Driver_909,9.0,Auto,MH40-6780,Yes,4.14
DR00910,Driver_910,5.6,SUV,MH86-4608,Yes,4.0
DR00911,Driver_911,6.0,SUV,MH23-5429,Yes,4.58
DR00912,Driver_912,8.9,Bike,MH75-5244,Yes,3.26
DR00913,Driver_913,9.5,SUV,MH14-8904,Yes,4.71
DR00914,Driver_914,6.8,SUV,MH52-1531,Yes,3.97
DR00915,Driver_915,7.9,SUV,MH35-5301,Yes,3.27
DR00916,Driver_916,14.9,Bike,MH46-8100,Yes,4.64
DR00917,Driver_917,14.4,Auto,MH67-3748,Yes,3.92
DR00918,Driver_918,10.8,SUV,MH18-3903,Yes,4.21
DR00919,Driver_919,2.8,SUV,MH48-9764,Yes,4.79
DR00920,Driver_920,5.7,Sedan,MH93-9660,Yes,4.78
DR00921,Driver_921,13.3,Auto,MH69-1019,Yes,4.79
DR00922,Driver_922,6.6,Auto,MH22-9150,Yes,3.83
DR00923,Driver_923,14.4,Sedan,MH23-5748,Yes,4.5
DR00924,Driver_924,7.6,Sedan,MH34-9830,Yes,3.47
DR00925,Driver_925,13.0,Sedan,MH54-9157,Yes,4.66
DR00926,Driver_926,1.0,Sedan,MH19-6773,Yes,3.68
DR00927,Driver_927,6.8,Sedan,MH75-7244,Yes,3.93
DR00928,Driver_928,10.7,SUV,MH83-9744,Yes,4.78
DR00929,Driver_929,13.0,SUV,MH49-5744,Yes,4.61
DR00930,Driver_930,9.3,Sedan,MH96-9779,Yes,4.91
DR00931,Driver_931,3.0,Bike,MH24-3325,Yes,3.73
DR00932,Driver_932,13.3,Sedan,MH12-6036,Yes,3.3
DR00933,Driver_933,8.8,Sedan,MH35-2436,No,4.82
DR00934,Driver_934,2.1,SUV,MH87-1289,Yes,3.99
DR00935,Driver_935,7.2,Bike,MH84-4976,Yes,4.78
DR00936,Driver_936,10.6,Bike,MH70-7108,Yes,4.46
DR00937,Driver_937,7.0,Bike,MH94-9879,Yes,4.75
DR00938,Driver_938,13.1,Sedan,MH76-6433,Yes,4.31
DR00939,Driver_939,6.6,SUV,MH56-3247,Yes,4.62
DR00940,Driver_940,9.0,SUV,MH40-8628,Yes,3.24
DR00941,Driver_941,3.6,Sedan,MH93-4315,Yes,4.94
DR00942,Driver_942,7.9,Sedan,MH60-2896,Yes,3.36
DR00943,Driver_943,3.7,SUV,MH91-1882,Yes,3.05
DR00944,Driver_944,3.8,SUV,MH28-5601,Yes,4.06
DR00945,Driver_945,4.6,Bike,MH27-1021,Yes,4.42
DR00946,Driver_946,1.1,Bike,MH37-8981,Yes,4.43
DR00947,Driver_947,2.9,Auto,MH33-4693,Yes,3.68
DR00948,Driver_948,6.7,Auto,MH33-2703,Yes,4.51
DR00949,Driver_949,2.4,Auto,MH15-4476,Yes,4.69
DR00950,Driver_950,2.4,Bike,MH95-2531,Yes,4.22
DR00951,Driver_951,14.5,Auto,MH25-4180,Yes,3.77
DR00952,Driver_952,6.7,Sedan,MH85-6911,Yes,4.23
DR00953,Driver_953,6.4,Sedan,MH56-3289,Yes,4.72
DR00954,Driver_954,4.4,SUV,MH93-7780,No,4.8
DR00955,Driver_955,7.9,SUV,MH56-3802,Yes,3.06
DR00956,Driver_956,9.1,Auto,MH55-6307,Yes,3.24
DR00957,Driver_957,6.6,Bike,MH17-9498,Yes,3.01
DR00958,Driver_958,6.2,Sedan,MH66-3393,Yes,3.98
DR00959,Driver_959,10.7,Bike,MH73-5042,Yes,3.87
DR00960,Driver_960,14.3,Auto,MH86-5790,Yes,4.09
DR00961,Driver_961,13.2,SUV,MH18-7274,Yes,4.37
DR00962,Driver_962,2.2,Sedan,MH74-8400,Yes,3.73
DR00963,Driver_963,10.0,Sedan,MH36-1646,Yes,3.42
DR00964,Driver_964,0.6,SUV,MH26-2286,Yes,3.79
DR00965,Driver_965,9.7,Auto,MH31-3176,Yes,3.02
DR00966,Driver_966,7.2,Sedan,MH84-3422,Yes,4.66
DR00967,Driver_967,7.6,Sedan,MH32-6853,No,3.77
DR00968,Driver_968,9.0,Sedan,MH73-6766,Yes,4.25
DR00969,Driver_969,11.3,Auto,MH50-7056,Yes,3.65
DR00970,Driver_970,11.1,Bike,MH91-3539,Yes,4.23
DR00971,Driver_971,1.1,Bike,MH24-7050,Yes,4.08
DR00972,Driver_972,11.2,Sedan,MH84-8422,Yes,3.42
DR00973,Driver_973,12.5,SUV,MH76-4900,Yes,4.25
DR00974,Driver_974,1.5,SUV,MH81-6701,Yes,3.22
DR00975,Driver_975,5.2,SUV,MH50-6650,Yes,3.96
DR00976,Driver_976,12.0,Auto,MH10-7412,Yes,4.44
DR00977,Driver_977,7.7,Sedan,MH37-8182,Yes,4.1
DR00978,Driver_978,10.6,Auto,MH61-8264,Yes,4.49
DR00979,Driver_979,7.8,Auto,MH89-7361,Yes,3.55
DR00980,Driver_980,14.7,SUV,MH89-5706,Yes,3.1
DR00981,Driver_981,14.1,Sedan,MH18-2328,Yes,3.11
DR00982,Driver_982,4.6,Bike,MH36-4672,Yes,3.54
DR00983,Driver_983,6.1,SUV,MH83-4173,Yes,3.82
DR00984,Driver_984,6.8,SUV,MH76-2550,Yes,4.08
DR00985,Driver_985,2.0,Auto,MH97-4355,Yes,4.52
DR00986,Driver_986,6.4,Bike,MH77-1320,Yes,4.68
DR00987,Driver_987,11.7,Bike,MH33-3628,Yes,4.39
DR00988,Driver_988,12.8,Auto,MH11-8529,Yes,3.93
DR00989,Driver_989,13.3,Bike,MH44-4266,Yes,3.53
DR00990,Driver_990,0.7,Sedan,MH29-1713,Yes,3.86
DR00991,Driver_991,11.9,SUV,MH12-6779,Yes,3.55
DR00992,Driver_992,7.8,Sedan,MH40-6298,Yes,4.25
DR00993,Driver_993,3.5,Sedan,MH20-5935,Yes,4.64
DR00994,Driver_994,7.7,Auto,MH86-9860,Yes,4.04
DR00995,Driver_995,12.7,Auto,MH42-3737,Yes,3.09
DR00996,Driver_996,6.8,Auto,MH29-9775,Yes,4.88
DR00997,Driver_997,14.9,Sedan,MH84-2280,Yes,3.59
DR00998,Driver_998,9.4,Auto,MH24-2985,Yes,4.83
DR00999,Driver_999,7.6,Sedan,MH29-3261,Yes,4.63
DR01000,Driver_1000,4.8,Bike,MH13-8893,Yes,3.83
